adservice-grpc,1647730800,100,100,2.28943662,71
adservice-grpc,1647730860,100,100,2.28943662,71
adservice-grpc,1647730920,100,100,2.344,75
adservice-grpc,1647730980,100,100,2.319594595,74
adservice-grpc,1647731040,100,100,2.46835443,79
adservice-grpc,1647731100,100,100,2.398255814,86
adservice-grpc,1647731160,100,100,2.274626866,67
adservice-grpc,1647731220,100,100,2.471111111,90
adservice-grpc,1647731280,100,100,2.413636364,66
adservice-grpc,1647731340,100,100,2.375280899,89
adservice-grpc,1647731400,100,100,2.494303797,79
adservice-grpc,1647731460,100,100,2.480379747,79
adservice-grpc,1647731520,100,100,2.295454545,77
adservice-grpc,1647731580,100,100,2.357051282,78
adservice-grpc,1647731640,100,100,2.233098592,71
adservice-grpc,1647731700,100,100,2.256849315,73
adservice-grpc,1647731760,100,100,2.400625,80
adservice-grpc,1647731820,100,100,2.272368421,76
adservice-grpc,1647731880,100,100,2.285882353,85
adservice-grpc,1647731940,100,100,2.403676471,68
adservice-grpc,1647732000,100,100,2.331176471,85
adservice-grpc,1647732060,100,100,2.542424242,66
adservice-grpc,1647732120,100,100,2.485869565,92
adservice-grpc,1647732180,100,100,2.240361446,83
adservice-grpc,1647732240,100,100,2.497590361,83
adservice-grpc,1647732300,100,100,2.41,75
adservice-grpc,1647732360,100,100,2.296296296,81
adservice-grpc,1647732420,100,100,2.411445783,83
adservice-grpc,1647732480,100,100,2.358,75
adservice-grpc,1647732540,100,100,2.290361446,83
adservice-grpc,1647732600,100,100,2.353289474,76
adservice-grpc,1647732660,100,100,2.264556962,79
adservice-grpc,1647732720,100,100,2.2125,80
adservice-grpc,1647732780,100,100,2.417605634,71
adservice-grpc,1647732840,100,100,2.033974359,78
adservice-grpc,1647732900,100,100,2.49556962,79
adservice-grpc,1647732960,100,100,2.333766234,77
adservice-grpc,1647733020,100,100,2.43164557,79
adservice-grpc,1647733080,100,100,2.2984375,64
adservice-grpc,1647733140,100,100,2.324404762,84
adservice-grpc,1647733200,100,100,2.194202899,69
adservice-grpc,1647733260,100,100,2.499425287,87
adservice-grpc,1647733320,100,100,2.262,75
adservice-grpc,1647733380,100,100,2.513461538,78
adservice-grpc,1647733440,100,100,2.216923077,65
adservice-grpc,1647733500,100,100,2.419642857,84
adservice-grpc,1647733560,100,100,2.374615385,65
adservice-grpc,1647733620,100,100,2.325301205,83
adservice-grpc,1647733680,100,100,2.457407407,81
adservice-grpc,1647733740,100,100,2.459615385,78
adservice-grpc,1647733800,100,100,2.498734177,79
adservice-grpc,1647733860,100,100,2.414935065,77
adservice-grpc,1647733920,100,100,2.352597403,77
adservice-grpc,1647733980,100,100,2.465,80
adservice-grpc,1647734040,100,100,2.358024691,81
adservice-grpc,1647734100,100,100,2.364473684,76
adservice-grpc,1647734160,100,100,2.469594595,74
adservice-grpc,1647734220,100,100,2.376162791,86
adservice-grpc,1647734280,100,100,2.496212121,66
adservice-grpc,1647734340,100,100,2.260625,80
cartservice-grpc,1647730800,100,100,1.066386555,119
cartservice-grpc,1647730860,100,100,1.066386555,119
cartservice-grpc,1647730920,100,100,1.13559322,118
cartservice-grpc,1647730980,100,100,1.655084746,118
cartservice-grpc,1647731040,100,100,1.101086957,138
cartservice-grpc,1647731100,100,100,1.057024793,121
cartservice-grpc,1647731160,100,100,1.073622047,127
cartservice-grpc,1647731220,100,100,1.05,115
cartservice-grpc,1647731280,100,100,1.097637795,127
cartservice-grpc,1647731340,100,100,1.064661654,133
cartservice-grpc,1647731400,100,100,1.087591241,137
cartservice-grpc,1647731460,100,100,1.055833333,120
cartservice-grpc,1647731520,100,100,1.117213115,122
cartservice-grpc,1647731580,100,100,1.066,125
cartservice-grpc,1647731640,100,100,1.066810345,116
cartservice-grpc,1647731700,100,100,1.094017094,117
cartservice-grpc,1647731760,100,100,1.057983193,119
cartservice-grpc,1647731820,100,100,1.01780303,132
cartservice-grpc,1647731880,100,100,1.098031496,127
cartservice-grpc,1647731940,100,100,1.094444444,117
cartservice-grpc,1647732000,100,100,1.040769231,130
cartservice-grpc,1647732060,100,100,1.085470085,117
cartservice-grpc,1647732120,100,100,1.063868613,137
cartservice-grpc,1647732180,100,100,1.049632353,136
cartservice-grpc,1647732240,100,100,1.333455882,136
cartservice-grpc,1647732300,100,100,1.049130435,115
cartservice-grpc,1647732360,100,100,1.101838235,136
cartservice-grpc,1647732420,100,100,1.076495726,117
cartservice-grpc,1647732480,100,100,1.056071429,140
cartservice-grpc,1647732540,100,100,1.076293103,116
cartservice-grpc,1647732600,100,100,1.096923077,130
cartservice-grpc,1647732660,100,100,1.015748031,127
cartservice-grpc,1647732720,100,100,1.105769231,130
cartservice-grpc,1647732780,100,100,1.098113208,106
cartservice-grpc,1647732840,100,100,1.05,132
cartservice-grpc,1647732900,100,100,1.048412698,126
cartservice-grpc,1647732960,100,100,1.0748,125
cartservice-grpc,1647733020,100,100,1.110683761,117
cartservice-grpc,1647733080,100,100,1.111304348,115
cartservice-grpc,1647733140,100,100,1.030769231,117
cartservice-grpc,1647733200,100,100,1.03359375,128
cartservice-grpc,1647733260,100,100,1.089393939,132
cartservice-grpc,1647733320,100,100,1.041269841,126
cartservice-grpc,1647733380,100,100,1.094017094,117
cartservice-grpc,1647733440,100,100,1.088073394,109
cartservice-grpc,1647733500,100,100,1.0236,125
cartservice-grpc,1647733560,100,100,1.068421053,114
cartservice-grpc,1647733620,100,100,1.081153846,130
cartservice-grpc,1647733680,100,100,1.0664,125
cartservice-grpc,1647733740,100,100,1.040944882,127
cartservice-grpc,1647733800,100,100,1.073828125,128
cartservice-grpc,1647733860,100,100,1.092857143,119
cartservice-grpc,1647733920,100,100,1.049206349,126
cartservice-grpc,1647733980,100,100,1.08875969,129
cartservice-grpc,1647734040,100,100,1.080075188,133
cartservice-grpc,1647734100,100,100,1.111206897,116
cartservice-grpc,1647734160,100,100,1.0484,125
cartservice-grpc,1647734220,100,100,1.057539683,126
cartservice-grpc,1647734280,100,100,1.076495726,117
cartservice-grpc,1647734340,100,100,1.040178571,112
checkoutservice-grpc,1647730800,100,100,45.9,5
checkoutservice-grpc,1647730860,100,100,45.9,5
checkoutservice-grpc,1647730920,100,100,62.75,4
checkoutservice-grpc,1647730980,100,100,60.33333333,6
checkoutservice-grpc,1647731040,100,100,46.5,5
checkoutservice-grpc,1647731100,100,100,60.8,5
checkoutservice-grpc,1647731160,100,100,53.5,6
checkoutservice-grpc,1647731220,100,100,44.5,4
checkoutservice-grpc,1647731280,100,100,54.5,6
checkoutservice-grpc,1647731340,100,100,71.58333333,6
checkoutservice-grpc,1647731400,100,100,44.41666667,6
checkoutservice-grpc,1647731460,100,100,59,5
checkoutservice-grpc,1647731520,100,100,51.25,4
checkoutservice-grpc,1647731580,100,100,50.64285714,7
checkoutservice-grpc,1647731640,100,100,45.16666667,3
checkoutservice-grpc,1647731700,100,100,49.7,5
checkoutservice-grpc,1647731760,100,100,64.5,4
checkoutservice-grpc,1647731820,100,100,55.71428571,7
checkoutservice-grpc,1647731880,100,100,81.66666667,3
checkoutservice-grpc,1647731940,100,100,52.5,7
checkoutservice-grpc,1647732000,100,100,46.125,4
checkoutservice-grpc,1647732060,100,100,56,8
checkoutservice-grpc,1647732120,100,100,47.25,4
checkoutservice-grpc,1647732180,100,100,60.25,6
checkoutservice-grpc,1647732240,100,100,63.5,5
checkoutservice-grpc,1647732300,100,100,53.66666667,6
checkoutservice-grpc,1647732360,100,100,47.125,4
checkoutservice-grpc,1647732420,100,100,67.08333333,6
checkoutservice-grpc,1647732480,100,100,50.66666667,6
checkoutservice-grpc,1647732540,100,100,60.75,4
checkoutservice-grpc,1647732600,100,100,43.83333333,6
checkoutservice-grpc,1647732660,100,100,67.5,4
checkoutservice-grpc,1647732720,100,100,39.71428571,7
checkoutservice-grpc,1647732780,100,100,87.25,2
checkoutservice-grpc,1647732840,100,100,45.92857143,7
checkoutservice-grpc,1647732900,100,100,56.6,5
checkoutservice-grpc,1647732960,100,100,38.58333333,6
checkoutservice-grpc,1647733020,100,100,57.125,4
checkoutservice-grpc,1647733080,100,100,54.35714286,7
checkoutservice-grpc,1647733140,100,100,45.5,1
checkoutservice-grpc,1647733200,100,100,55.9375,8
checkoutservice-grpc,1647733260,100,100,58,4
checkoutservice-grpc,1647733320,100,100,48,8
checkoutservice-grpc,1647733380,100,100,48.5,1
checkoutservice-grpc,1647733440,100,100,61.07142857,7
checkoutservice-grpc,1647733500,100,100,65.33333333,3
checkoutservice-grpc,1647733560,100,100,60.21428571,7
checkoutservice-grpc,1647733620,100,100,48.7,5
checkoutservice-grpc,1647733680,100,100,61.41666667,6
checkoutservice-grpc,1647733740,100,100,48.25,4
checkoutservice-grpc,1647733800,100,100,58.66666667,6
checkoutservice-grpc,1647733860,100,100,36.2,5
checkoutservice-grpc,1647733920,100,100,78.41666667,6
checkoutservice-grpc,1647733980,100,100,39.375,4
checkoutservice-grpc,1647734040,100,100,58.57142857,7
checkoutservice-grpc,1647734100,100,100,63,5
checkoutservice-grpc,1647734160,100,100,68.3,5
checkoutservice-grpc,1647734220,100,100,45.6,5
checkoutservice-grpc,1647734280,100,100,51.2,5
checkoutservice-grpc,1647734340,100,100,48.5,4
currencyservice-grpc,1647730800,100,100,0.684042553,376
currencyservice-grpc,1647730860,100,100,0.684042553,376
currencyservice-grpc,1647730920,100,100,0.734435262,363
currencyservice-grpc,1647730980,100,100,0.688029925,401
currencyservice-grpc,1647731040,100,100,0.783622829,403
currencyservice-grpc,1647731100,100,100,0.687588652,423
currencyservice-grpc,1647731160,100,100,0.741365979,388
currencyservice-grpc,1647731220,100,100,0.697089947,378
currencyservice-grpc,1647731280,100,100,0.738693467,398
currencyservice-grpc,1647731340,100,100,0.687037037,405
currencyservice-grpc,1647731400,100,100,0.724778761,452
currencyservice-grpc,1647731460,100,100,0.697307692,390
currencyservice-grpc,1647731520,100,100,0.740405405,370
currencyservice-grpc,1647731580,100,100,0.732678133,407
currencyservice-grpc,1647731640,100,100,0.692112676,355
currencyservice-grpc,1647731700,100,100,0.755277778,360
currencyservice-grpc,1647731760,100,100,0.689688249,417
currencyservice-grpc,1647731820,100,100,0.717408377,382
currencyservice-grpc,1647731880,100,100,0.730321782,404
currencyservice-grpc,1647731940,100,100,0.676666667,405
currencyservice-grpc,1647732000,100,100,0.746286472,377
currencyservice-grpc,1647732060,100,100,0.69902439,410
currencyservice-grpc,1647732120,100,100,0.737121212,396
currencyservice-grpc,1647732180,100,100,0.685343035,481
currencyservice-grpc,1647732240,100,100,0.793633952,377
currencyservice-grpc,1647732300,100,100,0.657981221,426
currencyservice-grpc,1647732360,100,100,0.762890625,384
currencyservice-grpc,1647732420,100,100,0.66443418,433
currencyservice-grpc,1647732480,100,100,0.730987654,405
currencyservice-grpc,1647732540,100,100,0.678294574,387
currencyservice-grpc,1647732600,100,100,0.690919811,424
currencyservice-grpc,1647732660,100,100,0.764166667,360
currencyservice-grpc,1647732720,100,100,0.676955603,473
currencyservice-grpc,1647732780,100,100,0.744444444,306
currencyservice-grpc,1647732840,100,100,0.695927602,442
currencyservice-grpc,1647732900,100,100,0.739315068,365
currencyservice-grpc,1647732960,100,100,0.671118721,438
currencyservice-grpc,1647733020,100,100,0.791394659,337
currencyservice-grpc,1647733080,100,100,0.674182243,428
currencyservice-grpc,1647733140,100,100,0.807792208,308
currencyservice-grpc,1647733200,100,100,0.66839207,454
currencyservice-grpc,1647733260,100,100,0.73938172,372
currencyservice-grpc,1647733320,100,100,0.679909707,443
currencyservice-grpc,1647733380,100,100,0.774763407,317
currencyservice-grpc,1647733440,100,100,0.642804878,410
currencyservice-grpc,1647733500,100,100,0.730973451,339
currencyservice-grpc,1647733560,100,100,0.671052632,399
currencyservice-grpc,1647733620,100,100,0.721119593,393
currencyservice-grpc,1647733680,100,100,0.730434783,414
currencyservice-grpc,1647733740,100,100,0.735278515,377
currencyservice-grpc,1647733800,100,100,0.673903002,433
currencyservice-grpc,1647733860,100,100,0.705583756,394
currencyservice-grpc,1647733920,100,100,0.717594937,395
currencyservice-grpc,1647733980,100,100,0.721246819,393
currencyservice-grpc,1647734040,100,100,0.693665158,442
currencyservice-grpc,1647734100,100,100,0.731557377,366
currencyservice-grpc,1647734160,100,100,0.695489691,388
currencyservice-grpc,1647734220,100,100,0.745577396,407
currencyservice-grpc,1647734280,100,100,0.704874652,359
currencyservice-grpc,1647734340,100,100,0.69217033,364
emailservice-grpc,1647730800,100,100,1.05,6
emailservice-grpc,1647730860,100,100,1.05,6
emailservice-grpc,1647730920,100,100,0.7875,4
emailservice-grpc,1647730980,100,100,1.225,6
emailservice-grpc,1647731040,100,100,0.84,5
emailservice-grpc,1647731100,100,100,1.26,5
emailservice-grpc,1647731160,100,100,1.05,5
emailservice-grpc,1647731220,100,100,1.05,5
emailservice-grpc,1647731280,100,100,0.875,6
emailservice-grpc,1647731340,100,100,1.3125,4
emailservice-grpc,1647731400,100,100,1.05,7
emailservice-grpc,1647731460,100,100,1.05,5
emailservice-grpc,1647731520,100,100,1.05,5
emailservice-grpc,1647731580,100,100,1.05,5
emailservice-grpc,1647731640,100,100,1.05,4
emailservice-grpc,1647731700,100,100,1.05,6
emailservice-grpc,1647731760,100,100,1.05,5
emailservice-grpc,1647731820,100,100,1.05,6
emailservice-grpc,1647731880,100,100,1.05,4
emailservice-grpc,1647731940,100,100,1.05,6
emailservice-grpc,1647732000,100,100,1.05,4
emailservice-grpc,1647732060,100,100,0.91875,8
emailservice-grpc,1647732120,100,100,1.575,2
emailservice-grpc,1647732180,100,100,1.05,8
emailservice-grpc,1647732240,100,100,1.05,4
emailservice-grpc,1647732300,100,100,1.05,7
emailservice-grpc,1647732360,100,100,1.05,4
emailservice-grpc,1647732420,100,100,1.05,6
emailservice-grpc,1647732480,100,100,0.84,5
emailservice-grpc,1647732540,100,100,1.26,5
emailservice-grpc,1647732600,100,100,1.05,6
emailservice-grpc,1647732660,100,100,1.05,4
emailservice-grpc,1647732720,100,100,1.05,6
emailservice-grpc,1647732780,100,100,0.7875,4
emailservice-grpc,1647732840,100,100,1.225,6
emailservice-grpc,1647732900,100,100,0.84,5
emailservice-grpc,1647732960,100,100,1.26,5
emailservice-grpc,1647733020,100,100,1.05,5
emailservice-grpc,1647733080,100,100,1.05,5
emailservice-grpc,1647733140,100,100,1.05,4
emailservice-grpc,1647733200,100,100,1.05,6
emailservice-grpc,1647733260,100,100,1.05,4
emailservice-grpc,1647733320,100,100,1.05,7
emailservice-grpc,1647733380,100,100,1.05,3
emailservice-grpc,1647733440,100,100,1.05,7
emailservice-grpc,1647733500,100,100,1.05,4
emailservice-grpc,1647733560,100,100,1.05,6
emailservice-grpc,1647733620,100,100,0.84,5
emailservice-grpc,1647733680,100,100,1.05,5
emailservice-grpc,1647733740,100,100,1.05,6
emailservice-grpc,1647733800,100,100,1.05,5
emailservice-grpc,1647733860,100,100,1.3125,4
emailservice-grpc,1647733920,100,100,0.9,7
emailservice-grpc,1647733980,100,100,1.3125,4
emailservice-grpc,1647734040,100,100,1.05,6
emailservice-grpc,1647734100,100,100,0.875,6
emailservice-grpc,1647734160,100,100,1.3125,4
emailservice-grpc,1647734220,100,100,1.05,5
emailservice-grpc,1647734280,100,100,0.84,5
emailservice-grpc,1647734340,100,100,1.26,5
paymentservice-grpc,1647730800,100,100,1.05,5
paymentservice-grpc,1647730860,100,100,1.05,5
paymentservice-grpc,1647730920,100,100,1.575,2
paymentservice-grpc,1647730980,100,100,0.7875,8
paymentservice-grpc,1647731040,100,100,1.575,4
paymentservice-grpc,1647731100,100,100,1.05,5
paymentservice-grpc,1647731160,100,100,0.84,5
paymentservice-grpc,1647731220,100,100,1.26,5
paymentservice-grpc,1647731280,100,100,0.875,6
paymentservice-grpc,1647731340,100,100,1.26,5
paymentservice-grpc,1647731400,100,100,1.05,7
paymentservice-grpc,1647731460,100,100,0.7875,4
paymentservice-grpc,1647731520,100,100,1.26,5
paymentservice-grpc,1647731580,100,100,0.875,6
paymentservice-grpc,1647731640,100,100,1.26,5
paymentservice-grpc,1647731700,100,100,0.7,3
paymentservice-grpc,1647731760,100,100,1.46,5
paymentservice-grpc,1647731820,100,100,0.875,6
paymentservice-grpc,1647731880,100,100,0.875,6
paymentservice-grpc,1647731940,100,100,1.575,4
paymentservice-grpc,1647732000,100,100,0.875,6
paymentservice-grpc,1647732060,100,100,1.2,7
paymentservice-grpc,1647732120,100,100,1.05,3
paymentservice-grpc,1647732180,100,100,1.05,7
paymentservice-grpc,1647732240,100,100,1.05,4
paymentservice-grpc,1647732300,100,100,1.05,6
paymentservice-grpc,1647732360,100,100,0.875,6
paymentservice-grpc,1647732420,100,100,1.3125,4
paymentservice-grpc,1647732480,100,100,1.05,6
paymentservice-grpc,1647732540,100,100,1.05,4
paymentservice-grpc,1647732600,100,100,1.05,7
paymentservice-grpc,1647732660,100,100,1.05,3
paymentservice-grpc,1647732720,100,100,1.05,8
paymentservice-grpc,1647732780,100,100,1.05,2
paymentservice-grpc,1647732840,100,100,1.05,8
paymentservice-grpc,1647732900,100,100,1.05,3
paymentservice-grpc,1647732960,100,100,1.05,7
paymentservice-grpc,1647733020,100,100,1.05,3
paymentservice-grpc,1647733080,100,100,1.05,6
paymentservice-grpc,1647733140,100,100,1.05,3
paymentservice-grpc,1647733200,100,100,1.192857143,7
paymentservice-grpc,1647733260,100,100,1.05,4
paymentservice-grpc,1647733320,100,100,1.05,7
paymentservice-grpc,1647733380,100,100,0.84,5
paymentservice-grpc,1647733440,100,100,1.26,5
paymentservice-grpc,1647733500,100,100,0.7875,4
paymentservice-grpc,1647733560,100,100,1.05,6
paymentservice-grpc,1647733620,100,100,1.3125,4
paymentservice-grpc,1647733680,100,100,0.875,6
paymentservice-grpc,1647733740,100,100,1.3125,4
paymentservice-grpc,1647733800,100,100,1.05,7
paymentservice-grpc,1647733860,100,100,1.05,4
paymentservice-grpc,1647733920,100,100,0.875,6
paymentservice-grpc,1647733980,100,100,1.26,5
paymentservice-grpc,1647734040,100,100,0.875,6
paymentservice-grpc,1647734100,100,100,1.26,5
paymentservice-grpc,1647734160,100,100,1.05,5
paymentservice-grpc,1647734220,100,100,1.05,5
paymentservice-grpc,1647734280,100,100,1.05,5
paymentservice-grpc,1647734340,100,100,1.05,5
productcatalogservice-grpc,1647730800,100,100,4.428095238,630
productcatalogservice-grpc,1647730860,100,100,4.428095238,630
productcatalogservice-grpc,1647730920,100,100,4.249571429,700
productcatalogservice-grpc,1647730980,100,100,4.252752294,654
productcatalogservice-grpc,1647731040,100,100,4.20212766,799
productcatalogservice-grpc,1647731100,100,100,4.209726444,658
productcatalogservice-grpc,1647731160,100,100,4.216410615,716
productcatalogservice-grpc,1647731220,100,100,4.06803653,657
productcatalogservice-grpc,1647731280,100,100,4.311962751,698
productcatalogservice-grpc,1647731340,100,100,4.159379043,773
productcatalogservice-grpc,1647731400,100,100,4.100510856,783
productcatalogservice-grpc,1647731460,100,100,4.288322884,638
productcatalogservice-grpc,1647731520,100,100,4.216083916,715
productcatalogservice-grpc,1647731580,100,100,4.172503618,691
productcatalogservice-grpc,1647731640,100,100,4.192943854,659
productcatalogservice-grpc,1647731700,100,100,4.165552326,688
productcatalogservice-grpc,1647731760,100,100,4.153943452,672
productcatalogservice-grpc,1647731820,100,100,4.223866856,706
productcatalogservice-grpc,1647731880,100,100,4.108244681,752
productcatalogservice-grpc,1647731940,100,100,4.233956386,642
productcatalogservice-grpc,1647732000,100,100,4.1736,750
productcatalogservice-grpc,1647732060,100,100,4.217475728,618
productcatalogservice-grpc,1647732120,100,100,4.230592503,827
productcatalogservice-grpc,1647732180,100,100,4.279971591,704
productcatalogservice-grpc,1647732240,100,100,4.234223602,805
productcatalogservice-grpc,1647732300,100,100,4.005978261,644
productcatalogservice-grpc,1647732360,100,100,4.403636364,770
productcatalogservice-grpc,1647732420,100,100,4.074044118,680
productcatalogservice-grpc,1647732480,100,100,4.25828877,748
productcatalogservice-grpc,1647732540,100,100,4.140676692,665
productcatalogservice-grpc,1647732600,100,100,4.14534413,741
productcatalogservice-grpc,1647732660,100,100,4.178966006,706
productcatalogservice-grpc,1647732720,100,100,4.205809129,723
productcatalogservice-grpc,1647732780,100,100,4.238496241,665
productcatalogservice-grpc,1647732840,100,100,4.171654676,695
productcatalogservice-grpc,1647732900,100,100,4.162773224,732
productcatalogservice-grpc,1647732960,100,100,4.143902439,656
productcatalogservice-grpc,1647733020,100,100,4.218541667,720
productcatalogservice-grpc,1647733080,100,100,4.182443366,618
productcatalogservice-grpc,1647733140,100,100,4.203041018,707
productcatalogservice-grpc,1647733200,100,100,4.133799705,679
productcatalogservice-grpc,1647733260,100,100,4.143848168,764
productcatalogservice-grpc,1647733320,100,100,4.18121345,684
productcatalogservice-grpc,1647733380,100,100,4.211939219,691
productcatalogservice-grpc,1647733440,100,100,3.934215017,586
productcatalogservice-grpc,1647733500,100,100,4.211891892,740
productcatalogservice-grpc,1647733560,100,100,4.128663446,621
productcatalogservice-grpc,1647733620,100,100,4.116111851,751
productcatalogservice-grpc,1647733680,100,100,4.181267806,702
productcatalogservice-grpc,1647733740,100,100,4.176917614,704
productcatalogservice-grpc,1647733800,100,100,4.152188782,731
productcatalogservice-grpc,1647733860,100,100,4.166326531,686
productcatalogservice-grpc,1647733920,100,100,4.076248217,701
productcatalogservice-grpc,1647733980,100,100,4.101899593,737
productcatalogservice-grpc,1647734040,100,100,4.196191136,722
productcatalogservice-grpc,1647734100,100,100,4.19837037,675
productcatalogservice-grpc,1647734160,100,100,4.148832117,685
productcatalogservice-grpc,1647734220,100,100,4.203138075,717
productcatalogservice-grpc,1647734280,100,100,4.135271318,645
productcatalogservice-grpc,1647734340,100,100,4.158562691,654
recommendationservice-grpc,1647730800,100,100,3.265662651,83
recommendationservice-grpc,1647730860,100,100,3.265662651,83
recommendationservice-grpc,1647730920,100,100,3.434042553,94
recommendationservice-grpc,1647730980,100,100,3.362650602,83
recommendationservice-grpc,1647731040,100,100,3.275943396,106
recommendationservice-grpc,1647731100,100,100,3.297191011,89
recommendationservice-grpc,1647731160,100,100,3.27,95
recommendationservice-grpc,1647731220,100,100,3.517857143,84
recommendationservice-grpc,1647731280,100,100,3.296907216,97
recommendationservice-grpc,1647731340,100,100,3.1785,100
recommendationservice-grpc,1647731400,100,100,3.390566038,106
recommendationservice-grpc,1647731460,100,100,3.173295455,88
recommendationservice-grpc,1647731520,100,100,3.311458333,96
recommendationservice-grpc,1647731580,100,100,3.444382022,89
recommendationservice-grpc,1647731640,100,100,3.094186047,86
recommendationservice-grpc,1647731700,100,100,3.257608696,92
recommendationservice-grpc,1647731760,100,100,3.225555556,90
recommendationservice-grpc,1647731820,100,100,3.370744681,94
recommendationservice-grpc,1647731880,100,100,3.17979798,99
recommendationservice-grpc,1647731940,100,100,3.457738095,84
recommendationservice-grpc,1647732000,100,100,3.176470588,102
recommendationservice-grpc,1647732060,100,100,3.288095238,84
recommendationservice-grpc,1647732120,100,100,3.364814815,108
recommendationservice-grpc,1647732180,100,100,3.26978022,91
recommendationservice-grpc,1647732240,100,100,3.191964286,112
recommendationservice-grpc,1647732300,100,100,3.397530864,81
recommendationservice-grpc,1647732360,100,100,3.210952381,105
recommendationservice-grpc,1647732420,100,100,3.369318182,88
recommendationservice-grpc,1647732480,100,100,3.255392157,102
recommendationservice-grpc,1647732540,100,100,3.080555556,90
recommendationservice-grpc,1647732600,100,100,3.498333333,90
recommendationservice-grpc,1647732660,100,100,3.201530612,98
recommendationservice-grpc,1647732720,100,100,3.352604167,96
recommendationservice-grpc,1647732780,100,100,3.277272727,88
recommendationservice-grpc,1647732840,100,100,3.319892473,93
recommendationservice-grpc,1647732900,100,100,3.169191919,99
recommendationservice-grpc,1647732960,100,100,3.373214286,84
recommendationservice-grpc,1647733020,100,100,3.2171875,96
recommendationservice-grpc,1647733080,100,100,3.180722892,83
recommendationservice-grpc,1647733140,100,100,3.311413043,92
recommendationservice-grpc,1647733200,100,100,3.19076087,92
recommendationservice-grpc,1647733260,100,100,3.291747573,103
recommendationservice-grpc,1647733320,100,100,3.418888889,90
recommendationservice-grpc,1647733380,100,100,3.287096774,93
recommendationservice-grpc,1647733440,100,100,3.262666667,75
recommendationservice-grpc,1647733500,100,100,3.246534653,101
recommendationservice-grpc,1647733560,100,100,3.368292683,82
recommendationservice-grpc,1647733620,100,100,3.167821782,101
recommendationservice-grpc,1647733680,100,100,3.374193548,93
recommendationservice-grpc,1647733740,100,100,3.246875,96
recommendationservice-grpc,1647733800,100,100,3.248351648,91
recommendationservice-grpc,1647733860,100,100,3.292307692,91
recommendationservice-grpc,1647733920,100,100,3.243010753,93
recommendationservice-grpc,1647733980,100,100,3.2,100
recommendationservice-grpc,1647734040,100,100,3.121134021,97
recommendationservice-grpc,1647734100,100,100,3.411797753,89
recommendationservice-grpc,1647734160,100,100,3.193888889,90
recommendationservice-grpc,1647734220,100,100,3.146534653,101
recommendationservice-grpc,1647734280,100,100,3.469047619,84
recommendationservice-grpc,1647734340,100,100,3.349425287,87
shippingservice-grpc,1647730800,100,100,0.031818182,33
shippingservice-grpc,1647730860,100,100,0.031818182,33
shippingservice-grpc,1647730920,100,100,0.0328125,32
shippingservice-grpc,1647730980,100,100,0.058333333,36
shippingservice-grpc,1647731040,100,100,0.021875,48
shippingservice-grpc,1647731100,100,100,0.084,25
shippingservice-grpc,1647731160,100,100,0.023863636,44
shippingservice-grpc,1647731220,100,100,0.04375,24
shippingservice-grpc,1647731280,100,100,0.047727273,44
shippingservice-grpc,1647731340,100,100,0.027631579,38
shippingservice-grpc,1647731400,100,100,0.025609756,41
shippingservice-grpc,1647731460,100,100,0.093939394,33
shippingservice-grpc,1647731520,100,100,0.063636364,33
shippingservice-grpc,1647731580,100,100,0.048837209,43
shippingservice-grpc,1647731640,100,100,0.072413793,29
shippingservice-grpc,1647731700,100,100,0.0525,40
shippingservice-grpc,1647731760,100,100,0.072413793,29
shippingservice-grpc,1647731820,100,100,0.025609756,41
shippingservice-grpc,1647731880,100,100,0.06,35
shippingservice-grpc,1647731940,100,100,0.029166667,36
shippingservice-grpc,1647732000,100,100,0.058333333,36
shippingservice-grpc,1647732060,100,100,0.02625,40
shippingservice-grpc,1647732120,100,100,0.095454545,33
shippingservice-grpc,1647732180,100,100,0,41
shippingservice-grpc,1647732240,100,100,0.05,42
shippingservice-grpc,1647732300,100,100,0,31
shippingservice-grpc,1647732360,100,100,0.089361702,47
shippingservice-grpc,1647732420,100,100,0,23
shippingservice-grpc,1647732480,100,100,0.064285714,49
shippingservice-grpc,1647732540,100,100,0,26
shippingservice-grpc,1647732600,100,100,0.071590909,44
shippingservice-grpc,1647732660,100,100,0,28
shippingservice-grpc,1647732720,100,100,0.045652174,46
shippingservice-grpc,1647732780,100,100,0,27
shippingservice-grpc,1647732840,100,100,0.071590909,44
shippingservice-grpc,1647732900,100,100,0.030882353,34
shippingservice-grpc,1647732960,100,100,0.07875,40
shippingservice-grpc,1647733020,100,100,0.0375,28
shippingservice-grpc,1647733080,100,100,0.05,42
shippingservice-grpc,1647733140,100,100,0,24
shippingservice-grpc,1647733200,100,100,0.044680851,47
shippingservice-grpc,1647733260,100,100,0.031818182,33
shippingservice-grpc,1647733320,100,100,0.102439024,41
shippingservice-grpc,1647733380,100,100,0.035,30
shippingservice-grpc,1647733440,100,100,0,35
shippingservice-grpc,1647733500,100,100,0.095454545,33
shippingservice-grpc,1647733560,100,100,0.056756757,37
shippingservice-grpc,1647733620,100,100,0.027631579,38
shippingservice-grpc,1647733680,100,100,0.063636364,33
shippingservice-grpc,1647733740,100,100,0.06,35
shippingservice-grpc,1647733800,100,100,0.075,42
shippingservice-grpc,1647733860,100,100,0.035,30
shippingservice-grpc,1647733920,100,100,0.026923077,39
shippingservice-grpc,1647733980,100,100,0.055263158,38
shippingservice-grpc,1647734040,100,100,0,40
shippingservice-grpc,1647734100,100,100,0.063636364,33
shippingservice-grpc,1647734160,100,100,0,36
shippingservice-grpc,1647734220,100,100,0.061764706,34
shippingservice-grpc,1647734280,100,100,0.027631579,38
shippingservice-grpc,1647734340,100,100,0.077777778,27
adservice-http,1647730800,100,100,8.829166667,24
adservice-http,1647730860,100,100,8.829166667,24
adservice-http,1647730920,100,100,8.583333333,24
adservice-http,1647730980,100,100,8.870833333,24
adservice-http,1647731040,100,100,8.7875,24
adservice-http,1647731100,100,100,8.602083333,24
adservice-http,1647731160,100,100,8.76875,24
adservice-http,1647731220,100,100,8.685416667,24
adservice-http,1647731280,100,100,8.870833333,24
adservice-http,1647731340,100,100,8.727083333,24
adservice-http,1647731400,100,100,8.7875,24
adservice-http,1647731460,100,100,8.541666667,24
adservice-http,1647731520,100,100,8.685416667,24
adservice-http,1647731580,100,100,8.7875,24
adservice-http,1647731640,100,100,8.745833333,24
adservice-http,1647731700,100,100,8.602083333,24
adservice-http,1647731760,100,100,8.64375,24
adservice-http,1647731820,100,100,8.889583333,24
adservice-http,1647731880,100,100,8.602083333,24
adservice-http,1647731940,100,100,8.6625,24
adservice-http,1647732000,100,100,8.602083333,24
adservice-http,1647732060,100,100,8.560416667,24
adservice-http,1647732120,100,100,8.7875,24
adservice-http,1647732180,100,100,8.745833333,24
adservice-http,1647732240,100,100,8.5,24
adservice-http,1647732300,100,100,8.602083333,24
adservice-http,1647732360,100,100,8.6625,24
adservice-http,1647732420,100,100,8.704166667,24
adservice-http,1647732480,100,100,8.685416667,24
adservice-http,1647732540,100,100,8.64375,24
adservice-http,1647732600,100,100,8.745833333,24
adservice-http,1647732660,100,100,8.602083333,24
adservice-http,1647732720,100,100,8.704166667,24
adservice-http,1647732780,100,100,8.602083333,24
adservice-http,1647732840,100,100,8.5,24
adservice-http,1647732900,100,100,8.704166667,24
adservice-http,1647732960,100,100,8.7875,24
adservice-http,1647733020,100,100,8.5,24
adservice-http,1647733080,100,100,8.829166667,24
adservice-http,1647733140,100,100,8.972916667,24
adservice-http,1647733200,100,100,8.64375,24
adservice-http,1647733260,100,100,8.704166667,24
adservice-http,1647733320,100,100,8.541666667,24
adservice-http,1647733380,100,100,8.602083333,24
adservice-http,1647733440,100,100,8.745833333,24
adservice-http,1647733500,100,100,8.829166667,24
adservice-http,1647733560,100,100,8.625,24
adservice-http,1647733620,100,100,8.745833333,24
adservice-http,1647733680,100,100,8.602083333,24
adservice-http,1647733740,100,100,8.602083333,24
adservice-http,1647733800,100,100,8.704166667,24
adservice-http,1647733860,100,100,8.602083333,24
adservice-http,1647733920,100,100,8.745833333,24
adservice-http,1647733980,100,100,8.602083333,24
adservice-http,1647734040,100,100,8.745833333,24
adservice-http,1647734100,100,100,8.602083333,24
adservice-http,1647734160,100,100,8.64375,24
adservice-http,1647734220,100,100,8.6625,24
adservice-http,1647734280,100,100,8.7875,24
adservice-http,1647734340,100,100,8.458333333,24
frontend-http,1647730800,100,100,49.49655172,116
frontend-http,1647730860,100,100,49.49655172,116
frontend-http,1647730920,100,100,47.07251908,131
frontend-http,1647730980,100,100,50.06639344,122
frontend-http,1647731040,100,100,49.17056738,141
frontend-http,1647731100,100,100,46.48923077,130
frontend-http,1647731160,100,100,47.75610687,131
frontend-http,1647731220,100,100,49.94533898,118
frontend-http,1647731280,100,100,47.54552239,134
frontend-http,1647731340,100,100,47.31521739,138
frontend-http,1647731400,100,100,51.50390071,141
frontend-http,1647731460,100,100,48.6728,125
frontend-http,1647731520,100,100,48.6604,125
frontend-http,1647731580,100,100,47.7988806,134
frontend-http,1647731640,100,100,46.69915254,118
frontend-http,1647731700,100,100,47.79435484,124
frontend-http,1647731760,100,100,47.42748092,131
frontend-http,1647731820,100,100,51.93548387,124
frontend-http,1647731880,100,100,46.03676471,136
frontend-http,1647731940,100,100,47.30687023,131
frontend-http,1647732000,100,100,49.45742187,128
frontend-http,1647732060,100,100,49.37295082,122
frontend-http,1647732120,100,100,49.37062937,143
frontend-http,1647732180,100,100,45.65104895,143
frontend-http,1647732240,100,100,47.66433566,143
frontend-http,1647732300,100,100,53.72123894,113
frontend-http,1647732360,100,100,49.76449275,138
frontend-http,1647732420,100,100,46.86842105,133
frontend-http,1647732480,100,100,47.67892857,140
frontend-http,1647732540,100,100,48.10737705,122
frontend-http,1647732600,100,100,45.97517986,139
frontend-http,1647732660,100,100,50.95081967,122
frontend-http,1647732720,100,100,46.37671233,146
frontend-http,1647732780,100,100,48.9960177,113
frontend-http,1647732840,100,100,50.05423077,130
frontend-http,1647732900,100,100,47.68217054,129
frontend-http,1647732960,100,100,45.48555556,135
frontend-http,1647733020,100,100,50.52892562,121
frontend-http,1647733080,100,100,47.38976378,127
frontend-http,1647733140,100,100,49.16956522,115
frontend-http,1647733200,100,100,47.9419708,137
frontend-http,1647733260,100,100,46.68731343,134
frontend-http,1647733320,100,100,49.51984733,131
frontend-http,1647733380,100,100,49.72083333,120
frontend-http,1647733440,100,100,43.32711864,118
frontend-http,1647733500,100,100,50.74193548,124
frontend-http,1647733560,100,100,47.58373016,126
frontend-http,1647733620,100,100,47.88148148,135
frontend-http,1647733680,100,100,48.5530303,132
frontend-http,1647733740,100,100,47.14140625,128
frontend-http,1647733800,100,100,47.48554688,128
frontend-http,1647733860,100,100,49.54236641,131
frontend-http,1647733920,100,100,49.40769231,130
frontend-http,1647733980,100,100,47.63470149,134
frontend-http,1647734040,100,100,47.29927007,137
frontend-http,1647734100,100,100,47.7164,125
frontend-http,1647734160,100,100,49.9789916,119
frontend-http,1647734220,100,100,48.78848921,139
frontend-http,1647734280,100,100,45.10286885,122
frontend-http,1647734340,100,100,48.82245763,118
adservice-grpc,1647734400,100,100,2.410674157,89
adservice-grpc,1647734460,100,100,2.410674157,89
adservice-grpc,1647734520,100,100,2.463492063,63
adservice-grpc,1647734580,100,100,2.483888889,90
adservice-grpc,1647734640,100,100,2.277868852,61
adservice-grpc,1647734700,100,100,2.486702128,94
adservice-grpc,1647734760,100,100,2.22704918,61
adservice-grpc,1647734820,100,100,2.506818182,88
adservice-grpc,1647734880,100,100,2.316197183,71
adservice-grpc,1647734940,100,100,2.552325581,86
adservice-grpc,1647735000,100,100,2.315625,64
adservice-grpc,1647735060,100,100,2.452272727,88
adservice-grpc,1647735120,100,100,2.185616438,73
adservice-grpc,1647735180,100,100,2.348275862,87
adservice-grpc,1647735240,100,100,2.320714286,70
adservice-grpc,1647735300,100,100,2.473026316,76
adservice-grpc,1647735360,100,100,2.251123596,89
adservice-grpc,1647735420,100,100,2.381428571,70
adservice-grpc,1647735480,100,100,2.191111111,90
adservice-grpc,1647735540,100,100,2.592105263,76
adservice-grpc,1647735600,100,100,2.255172414,87
adservice-grpc,1647735660,100,100,2.375352113,71
adservice-grpc,1647735720,100,100,2.448630137,73
adservice-grpc,1647735780,100,100,2.34127907,86
adservice-grpc,1647735840,100,100,2.299305556,72
adservice-grpc,1647735900,100,100,2.286111111,72
adservice-grpc,1647735960,100,100,2.374324324,74
adservice-grpc,1647736020,100,100,2.280487805,82
adservice-grpc,1647736080,100,100,2.296753247,77
adservice-grpc,1647736140,100,100,2.496296296,81
adservice-grpc,1647736200,100,100,2.548823529,85
adservice-grpc,1647736260,100,100,2.241666667,78
adservice-grpc,1647736320,100,100,2.352631579,76
adservice-grpc,1647736380,100,100,2.438059701,67
adservice-grpc,1647736440,100,100,2.226111111,90
adservice-grpc,1647736500,100,100,2.545901639,61
adservice-grpc,1647736560,100,100,2.292553191,94
adservice-grpc,1647736620,100,100,2.292948718,78
adservice-grpc,1647736680,100,100,2.545679012,81
adservice-grpc,1647736740,100,100,2.383333333,69
adservice-grpc,1647736800,100,100,2.283333333,69
adservice-grpc,1647736860,100,100,2.363888889,54
adservice-grpc,1647736920,100,100,2.18943662,71
adservice-grpc,1647736980,100,100,2.47037037,81
adservice-grpc,1647737040,100,100,2.602173913,69
adservice-grpc,1647737100,100,100,2.258888889,90
adservice-grpc,1647737160,100,100,2.462328767,73
adservice-grpc,1647737220,100,100,2.39939759,83
adservice-grpc,1647737280,100,100,2.351515152,66
adservice-grpc,1647737340,100,100,93.06521739,69
adservice-grpc,1647737400,100,97.10144928,334.057971,69
adservice-grpc,1647737460,100,100,310.4347826,69
adservice-grpc,1647737520,100,96,249.4786667,75
adservice-grpc,1647737580,100,100,2.264492754,69
adservice-grpc,1647737640,100,100,2.481818182,77
adservice-grpc,1647737700,100,100,2.368666667,75
adservice-grpc,1647737760,100,100,2.51402439,82
adservice-grpc,1647737820,100,100,2.456081081,74
adservice-grpc,1647737880,100,100,2.24875,80
adservice-grpc,1647737940,100,100,2.338125,80
cartservice-grpc,1647734400,100,100,1.057964602,113
cartservice-grpc,1647734460,100,100,1.057964602,113
cartservice-grpc,1647734520,100,100,1.08984375,128
cartservice-grpc,1647734580,100,100,1.067727273,110
cartservice-grpc,1647734640,100,100,1.071532847,137
cartservice-grpc,1647734700,100,100,1.076724138,116
cartservice-grpc,1647734760,100,100,1.05766129,124
cartservice-grpc,1647734820,100,100,1.0576,125
cartservice-grpc,1647734880,100,100,1.117213115,122
cartservice-grpc,1647734940,100,100,1.079389313,131
cartservice-grpc,1647735000,100,100,1.094347826,115
cartservice-grpc,1647735060,100,100,1.056746032,126
cartservice-grpc,1647735120,100,100,1.09765625,128
cartservice-grpc,1647735180,100,100,1.0748,125
cartservice-grpc,1647735240,100,100,1.023966942,121
cartservice-grpc,1647735300,100,100,1.024806202,129
cartservice-grpc,1647735360,100,100,1.083070866,127
cartservice-grpc,1647735420,100,100,1.106746032,126
cartservice-grpc,1647735480,100,100,1.033712121,132
cartservice-grpc,1647735540,100,100,1.057037037,135
cartservice-grpc,1647735600,100,100,1.139430894,123
cartservice-grpc,1647735660,100,100,1.352307692,130
cartservice-grpc,1647735720,100,100,1.076754386,114
cartservice-grpc,1647735780,100,100,1.080681818,132
cartservice-grpc,1647735840,100,100,1.067672414,116
cartservice-grpc,1647735900,100,100,1.077232143,112
cartservice-grpc,1647735960,100,100,1.049593496,123
cartservice-grpc,1647736020,100,100,1.08375,120
cartservice-grpc,1647736080,100,100,1.065648855,131
cartservice-grpc,1647736140,100,100,1.055970149,134
cartservice-grpc,1647736200,100,100,1.097692308,130
cartservice-grpc,1647736260,100,100,1.064444444,135
cartservice-grpc,1647736320,100,100,1.04954955,111
cartservice-grpc,1647736380,100,100,1.112719298,114
cartservice-grpc,1647736440,100,100,1.008333333,126
cartservice-grpc,1647736500,100,100,1.104230769,130
cartservice-grpc,1647736560,100,100,1.066935484,124
cartservice-grpc,1647736620,100,100,1.063405797,138
cartservice-grpc,1647736680,100,100,1.067226891,119
cartservice-grpc,1647736740,100,100,25.02272727,121
cartservice-grpc,1647736800,100,100,414.6882653,98
cartservice-grpc,1647736860,100,100,455.5445545,101
cartservice-grpc,1647736920,100,100,417.7703704,108
cartservice-grpc,1647736980,100,100,39.98717949,117
cartservice-grpc,1647737040,100,100,1.048854962,131
cartservice-grpc,1647737100,100,100,1.107786885,122
cartservice-grpc,1647737160,100,100,1.094402985,134
cartservice-grpc,1647737220,100,100,1.39214876,121
cartservice-grpc,1647737280,100,100,1.204385965,114
cartservice-grpc,1647737340,100,100,1.077272727,110
cartservice-grpc,1647737400,100,100,1.092735043,117
cartservice-grpc,1647737460,100,100,1.038888889,108
cartservice-grpc,1647737520,100,100,1.102136752,117
cartservice-grpc,1647737580,100,100,1.114864865,111
cartservice-grpc,1647737640,100,100,1.048739496,119
cartservice-grpc,1647737700,100,100,1.05,128
cartservice-grpc,1647737760,100,100,1.122619048,126
cartservice-grpc,1647737820,100,100,1.0244,125
cartservice-grpc,1647737880,100,100,1.087777778,135
cartservice-grpc,1647737940,100,100,1.058849558,113
checkoutservice-grpc,1647734400,100,100,41,2
checkoutservice-grpc,1647734460,100,100,41,2
checkoutservice-grpc,1647734520,100,100,48.92857143,7
checkoutservice-grpc,1647734580,100,100,98.75,2
checkoutservice-grpc,1647734640,100,100,47.61111111,9
checkoutservice-grpc,1647734700,100,100,52.5,1
checkoutservice-grpc,1647734760,100,100,48.8125,8
checkoutservice-grpc,1647734820,100,100,102.8333333,3
checkoutservice-grpc,1647734880,100,100,50.375,8
checkoutservice-grpc,1647734940,100,100,47.5,2
checkoutservice-grpc,1647735000,100,100,57.72222222,9
checkoutservice-grpc,1647735060,100,100,89.5,1
checkoutservice-grpc,1647735120,100,100,55.27777778,9
checkoutservice-grpc,1647735180,100,100,46,2
checkoutservice-grpc,1647735240,100,100,51.25,8
checkoutservice-grpc,1647735300,100,100,54.16666667,3
checkoutservice-grpc,1647735360,100,100,46.35714286,7
checkoutservice-grpc,1647735420,100,100,38.16666667,3
checkoutservice-grpc,1647735480,100,100,52.6875,8
checkoutservice-grpc,1647735540,100,100,67.8,5
checkoutservice-grpc,1647735600,100,100,55.1,5
checkoutservice-grpc,1647735660,100,100,55.1,5
checkoutservice-grpc,1647735720,100,100,37.41666667,6
checkoutservice-grpc,1647735780,100,100,121,2
checkoutservice-grpc,1647735840,100,100,58.5,8
checkoutservice-grpc,1647735900,100,100,60.16666667,3
checkoutservice-grpc,1647735960,100,100,54.35714286,7
checkoutservice-grpc,1647736020,100,100,73.33333333,3
checkoutservice-grpc,1647736080,100,100,63.5,7
checkoutservice-grpc,1647736140,100,100,50.75,4
checkoutservice-grpc,1647736200,100,100,46.66666667,6
checkoutservice-grpc,1647736260,100,100,63.6,5
checkoutservice-grpc,1647736320,100,100,50.3,5
checkoutservice-grpc,1647736380,100,100,41.75,6
checkoutservice-grpc,1647736440,100,100,62.875,4
checkoutservice-grpc,1647736500,100,100,49.33333333,6
checkoutservice-grpc,1647736560,100,100,45.9,5
checkoutservice-grpc,1647736620,100,100,43.85714286,7
checkoutservice-grpc,1647736680,100,100,79.5,3
checkoutservice-grpc,1647736740,100,100,57.33333333,6
checkoutservice-grpc,1647736800,100,100,1358.625,4
checkoutservice-grpc,1647736860,100,100,1760,5
checkoutservice-grpc,1647736920,100,100,2060,5
checkoutservice-grpc,1647736980,100,100,60.125,4
checkoutservice-grpc,1647737040,100,100,54,4
checkoutservice-grpc,1647737100,100,100,46.16666667,6
checkoutservice-grpc,1647737160,100,100,50.25,6
checkoutservice-grpc,1647737220,100,100,55.125,4
checkoutservice-grpc,1647737280,100,100,58.33333333,6
checkoutservice-grpc,1647737340,100,100,47.7,5
checkoutservice-grpc,1647737400,100,100,56.25,4
checkoutservice-grpc,1647737460,100,100,48.1,5
checkoutservice-grpc,1647737520,100,100,45.83333333,3
checkoutservice-grpc,1647737580,100,100,48.35714286,7
checkoutservice-grpc,1647737640,100,100,55.16666667,3
checkoutservice-grpc,1647737700,100,100,49.78571429,7
checkoutservice-grpc,1647737760,100,100,44.25,4
checkoutservice-grpc,1647737820,100,100,64.64285714,7
checkoutservice-grpc,1647737880,100,100,33.2,5
checkoutservice-grpc,1647737940,100,100,63.2,5
currencyservice-grpc,1647734400,100,100,0.730924855,346
currencyservice-grpc,1647734460,100,100,0.730924855,346
currencyservice-grpc,1647734520,100,100,0.740995261,422
currencyservice-grpc,1647734580,100,100,0.709705882,340
currencyservice-grpc,1647734640,100,100,0.69039666,479
currencyservice-grpc,1647734700,100,100,0.782419355,310
currencyservice-grpc,1647734760,100,100,0.705421687,415
currencyservice-grpc,1647734820,100,100,0.735286104,367
currencyservice-grpc,1647734880,100,100,0.696235294,425
currencyservice-grpc,1647734940,100,100,0.764919355,372
currencyservice-grpc,1647735000,100,100,0.68576555,418
currencyservice-grpc,1647735060,100,100,0.731358382,346
currencyservice-grpc,1647735120,100,100,0.6953125,480
currencyservice-grpc,1647735180,100,100,0.761094675,338
currencyservice-grpc,1647735240,100,100,0.645238095,441
currencyservice-grpc,1647735300,100,100,0.797626113,337
currencyservice-grpc,1647735360,100,100,0.657215447,492
currencyservice-grpc,1647735420,100,100,0.800625,320
currencyservice-grpc,1647735480,100,100,0.605193483,491
currencyservice-grpc,1647735540,100,100,0.778552972,387
currencyservice-grpc,1647735600,100,100,0.671144279,402
currencyservice-grpc,1647735660,100,100,0.739473684,399
currencyservice-grpc,1647735720,100,100,0.690431267,371
currencyservice-grpc,1647735780,100,100,0.743076923,390
currencyservice-grpc,1647735840,100,100,0.705542453,424
currencyservice-grpc,1647735900,100,100,0.771296296,324
currencyservice-grpc,1647735960,100,100,0.693103448,406
currencyservice-grpc,1647736020,100,100,0.682926829,369
currencyservice-grpc,1647736080,100,100,0.686383929,448
currencyservice-grpc,1647736140,100,100,0.779271709,357
currencyservice-grpc,1647736200,100,100,0.697727273,462
currencyservice-grpc,1647736260,100,100,0.761182519,389
currencyservice-grpc,1647736320,100,100,0.709493671,395
currencyservice-grpc,1647736380,100,100,0.758689024,328
currencyservice-grpc,1647736440,100,100,0.685416667,432
currencyservice-grpc,1647736500,100,100,0.794518717,374
currencyservice-grpc,1647736560,100,100,0.674470588,425
currencyservice-grpc,1647736620,100,100,0.762962963,432
currencyservice-grpc,1647736680,100,100,0.680916031,393
currencyservice-grpc,1647736740,100,100,0.723737374,396
currencyservice-grpc,1647736800,100,100,0.804672897,321
currencyservice-grpc,1647736860,100,100,0.783110368,299
currencyservice-grpc,1647736920,100,100,0.727309783,368
currencyservice-grpc,1647736980,100,100,0.729389313,393
currencyservice-grpc,1647737040,100,100,0.739701897,369
currencyservice-grpc,1647737100,100,100,0.667612293,423
currencyservice-grpc,1647737160,100,100,0.753990025,401
currencyservice-grpc,1647737220,100,100,0.675561097,401
currencyservice-grpc,1647737280,100,100,0.708333333,378
currencyservice-grpc,1647737340,100,100,0.702824859,354
currencyservice-grpc,1647737400,100,100,0.768676471,340
currencyservice-grpc,1647737460,100,100,0.692370572,367
currencyservice-grpc,1647737520,100,100,0.776497006,334
currencyservice-grpc,1647737580,100,100,0.6742891,422
currencyservice-grpc,1647737640,100,100,0.792215569,334
currencyservice-grpc,1647737700,100,100,0.653794643,448
currencyservice-grpc,1647737760,100,100,0.802414773,352
currencyservice-grpc,1647737820,100,100,0.67127907,430
currencyservice-grpc,1647737880,100,100,0.761712846,397
currencyservice-grpc,1647737940,100,100,0.657090465,409
emailservice-grpc,1647734400,100,100,1.05,4
emailservice-grpc,1647734460,100,100,1.05,4
emailservice-grpc,1647734520,100,100,0.7,6
emailservice-grpc,1647734580,100,100,1.75,3
emailservice-grpc,1647734640,100,100,1.04375,8
emailservice-grpc,1647734700,100,100,1.575,2
emailservice-grpc,1647734760,100,100,1.05,6
emailservice-grpc,1647734820,100,100,1.05,5
emailservice-grpc,1647734880,100,100,1.05,7
emailservice-grpc,1647734940,100,100,1.05,3
emailservice-grpc,1647735000,100,100,1.05,7
emailservice-grpc,1647735060,100,100,1.05,3
emailservice-grpc,1647735120,100,100,1.05,9
emailservice-grpc,1647735180,100,100,1.05,1
emailservice-grpc,1647735240,100,100,1.05,8
emailservice-grpc,1647735300,100,100,0.525,4
emailservice-grpc,1647735360,100,100,1.4,6
emailservice-grpc,1647735420,100,100,1.05,4
emailservice-grpc,1647735480,100,100,1.05,7
emailservice-grpc,1647735540,100,100,1.05,3
emailservice-grpc,1647735600,100,100,1.05,7
emailservice-grpc,1647735660,100,100,0.84,5
emailservice-grpc,1647735720,100,100,1.26,5
emailservice-grpc,1647735780,100,100,1.05,4
emailservice-grpc,1647735840,100,100,1.05,7
emailservice-grpc,1647735900,100,100,1.05,4
emailservice-grpc,1647735960,100,100,0.875,6
emailservice-grpc,1647736020,100,100,1.3125,4
emailservice-grpc,1647736080,100,100,1.05,7
emailservice-grpc,1647736140,100,100,1.05,3
emailservice-grpc,1647736200,100,100,1.05,7
emailservice-grpc,1647736260,100,100,1.3,4
emailservice-grpc,1647736320,100,100,0.9,7
emailservice-grpc,1647736380,100,100,1.4,3
emailservice-grpc,1647736440,100,100,1.05,6
emailservice-grpc,1647736500,100,100,1.05,4
emailservice-grpc,1647736560,100,100,1.05,7
emailservice-grpc,1647736620,100,100,0.9,7
emailservice-grpc,1647736680,100,100,1.4,3
emailservice-grpc,1647736740,100,100,1.05,7
emailservice-grpc,1647736800,100,100,1.05,3
emailservice-grpc,1647736860,100,100,1.05,3
emailservice-grpc,1647736920,100,100,1.05,6
emailservice-grpc,1647736980,100,100,1.05,5
emailservice-grpc,1647737040,100,100,1.05,4
emailservice-grpc,1647737100,100,100,1.05,6
emailservice-grpc,1647737160,100,100,0.875,6
emailservice-grpc,1647737220,100,100,1.3125,4
emailservice-grpc,1647737280,100,100,1.05,6
emailservice-grpc,1647737340,100,100,1.05,5
emailservice-grpc,1647737400,100,100,1.05,3
emailservice-grpc,1647737460,100,100,1.05,4
emailservice-grpc,1647737520,100,100,1.05,5
emailservice-grpc,1647737580,100,100,0.875,6
emailservice-grpc,1647737640,100,100,1.4,3
emailservice-grpc,1647737700,100,100,0.91875,8
emailservice-grpc,1647737760,100,100,1.05,4
emailservice-grpc,1647737820,100,100,1.05,7
emailservice-grpc,1647737880,100,100,1.4,3
emailservice-grpc,1647737940,100,100,1.05,6
paymentservice-grpc,1647734400,100,100,1.05,3
paymentservice-grpc,1647734460,100,100,1.05,3
paymentservice-grpc,1647734520,100,100,0.91875,8
paymentservice-grpc,1647734580,100,100,1.575,2
paymentservice-grpc,1647734640,100,100,0.91875,8
paymentservice-grpc,1647734700,100,100,1.575,2
paymentservice-grpc,1647734760,100,100,0.7875,8
paymentservice-grpc,1647734820,100,100,1.75,3
paymentservice-grpc,1647734880,100,100,0.91875,8
paymentservice-grpc,1647734940,100,100,1.05,2
paymentservice-grpc,1647735000,100,100,1.18125,8
paymentservice-grpc,1647735060,100,100,1.05,3
paymentservice-grpc,1647735120,100,100,1.05,8
paymentservice-grpc,1647735180,100,100,1.05,2
paymentservice-grpc,1647735240,100,100,1.05,8
paymentservice-grpc,1647735300,100,100,0.7,3
paymentservice-grpc,1647735360,100,100,1.2,7
paymentservice-grpc,1647735420,100,100,1.05,4
paymentservice-grpc,1647735480,100,100,1.05,6
paymentservice-grpc,1647735540,100,100,1.05,4
paymentservice-grpc,1647735600,100,100,0.9,7
paymentservice-grpc,1647735660,100,100,1.4,3
paymentservice-grpc,1647735720,100,100,1.05,7
paymentservice-grpc,1647735780,100,100,1.05,3
paymentservice-grpc,1647735840,100,100,1.05,7
paymentservice-grpc,1647735900,100,100,1.05,4
paymentservice-grpc,1647735960,100,100,1.05,5
paymentservice-grpc,1647736020,100,100,1.25,5
paymentservice-grpc,1647736080,100,100,1.05,7
paymentservice-grpc,1647736140,100,100,1.05,3
paymentservice-grpc,1647736200,100,100,1.05,7
paymentservice-grpc,1647736260,100,100,1.05,4
paymentservice-grpc,1647736320,100,100,1.05,8
paymentservice-grpc,1647736380,100,100,1.05,2
paymentservice-grpc,1647736440,100,100,1.216666667,6
paymentservice-grpc,1647736500,100,100,0.84,5
paymentservice-grpc,1647736560,100,100,1.225,6
paymentservice-grpc,1647736620,100,100,0.875,6
paymentservice-grpc,1647736680,100,100,0.84,5
paymentservice-grpc,1647736740,100,100,1.47,5
paymentservice-grpc,1647736800,100,100,1.05,4
paymentservice-grpc,1647736860,100,100,1.05,4
paymentservice-grpc,1647736920,100,100,1.05,4
paymentservice-grpc,1647736980,100,100,1.05,6
paymentservice-grpc,1647737040,100,100,0.84,5
paymentservice-grpc,1647737100,100,100,1.26,5
paymentservice-grpc,1647737160,100,100,0.875,6
paymentservice-grpc,1647737220,100,100,1.5625,4
paymentservice-grpc,1647737280,100,100,1.05,6
paymentservice-grpc,1647737340,100,100,1.05,4
paymentservice-grpc,1647737400,100,100,0.84,5
paymentservice-grpc,1647737460,100,100,1.4,3
paymentservice-grpc,1647737520,100,100,1.05,4
paymentservice-grpc,1647737580,100,100,1.05,7
paymentservice-grpc,1647737640,100,100,1.05,3
paymentservice-grpc,1647737700,100,100,1.05,7
paymentservice-grpc,1647737760,100,100,1.05,5
paymentservice-grpc,1647737820,100,100,0.875,6
paymentservice-grpc,1647737880,100,100,1.26,5
paymentservice-grpc,1647737940,100,100,1.05,5
productcatalogservice-grpc,1647734400,100,100,4.214513788,689
productcatalogservice-grpc,1647734460,100,100,4.214513788,689
productcatalogservice-grpc,1647734520,100,100,4.234718101,674
productcatalogservice-grpc,1647734580,100,100,4.308057554,695
productcatalogservice-grpc,1647734640,100,100,4.30723589,691
productcatalogservice-grpc,1647734700,100,100,4.206241135,705
productcatalogservice-grpc,1647734760,100,100,4.124732824,655
productcatalogservice-grpc,1647734820,100,100,4.135597826,736
productcatalogservice-grpc,1647734880,100,100,4.06070901,677
productcatalogservice-grpc,1647734940,100,100,4.269185283,761
productcatalogservice-grpc,1647735000,100,100,4.110907643,628
productcatalogservice-grpc,1647735060,100,100,4.184024896,723
productcatalogservice-grpc,1647735120,100,100,4.078774929,702
productcatalogservice-grpc,1647735180,100,100,4.246065129,737
productcatalogservice-grpc,1647735240,100,100,4.097799697,659
productcatalogservice-grpc,1647735300,100,100,4.123777174,736
productcatalogservice-grpc,1647735360,100,100,4.230126404,712
productcatalogservice-grpc,1647735420,100,100,4.077852349,745
productcatalogservice-grpc,1647735480,100,100,4.073142857,700
productcatalogservice-grpc,1647735540,100,100,4.2175,760
productcatalogservice-grpc,1647735600,100,100,4.147826087,690
productcatalogservice-grpc,1647735660,100,100,4.198770492,732
productcatalogservice-grpc,1647735720,100,100,4.219200627,638
productcatalogservice-grpc,1647735780,100,100,4.119896641,774
productcatalogservice-grpc,1647735840,100,100,4.214424635,617
productcatalogservice-grpc,1647735900,100,100,4.219578313,664
productcatalogservice-grpc,1647735960,100,100,4.14744152,684
productcatalogservice-grpc,1647736020,100,100,4.239375929,673
productcatalogservice-grpc,1647736080,100,100,4.064714286,700
productcatalogservice-grpc,1647736140,100,100,4.262721519,790
productcatalogservice-grpc,1647736200,100,100,4.166164384,730
productcatalogservice-grpc,1647736260,100,100,4.187252312,757
productcatalogservice-grpc,1647736320,100,100,4.115698587,637
productcatalogservice-grpc,1647736380,100,100,4.16658805,636
productcatalogservice-grpc,1647736440,100,100,4.13957476,729
productcatalogservice-grpc,1647736500,100,100,4.277350427,702
productcatalogservice-grpc,1647736560,100,100,4.103337875,734
productcatalogservice-grpc,1647736620,100,100,4.198664887,749
productcatalogservice-grpc,1647736680,100,100,4.15115942,690
productcatalogservice-grpc,1647736740,100,100,4.187982196,674
productcatalogservice-grpc,1647736800,100,100,4.401122625,579
productcatalogservice-grpc,1647736860,100,100,4.286788991,545
productcatalogservice-grpc,1647736920,100,100,4.187173203,612
productcatalogservice-grpc,1647736980,100,100,4.257796853,699
productcatalogservice-grpc,1647737040,100,100,4.125776836,708
productcatalogservice-grpc,1647737100,100,100,4.163556851,686
productcatalogservice-grpc,1647737160,100,100,4.137714663,757
productcatalogservice-grpc,1647737220,100,100,4.127833572,697
productcatalogservice-grpc,1647737280,100,100,4.272663551,642
productcatalogservice-grpc,1647737340,100,100,4.232090762,617
productcatalogservice-grpc,1647737400,100,100,4.190558912,662
productcatalogservice-grpc,1647737460,100,100,4.15375626,599
productcatalogservice-grpc,1647737520,100,100,4.267268786,692
productcatalogservice-grpc,1647737580,100,100,4.226967213,610
productcatalogservice-grpc,1647737640,100,100,4.14679219,717
productcatalogservice-grpc,1647737700,100,100,4.125973054,668
productcatalogservice-grpc,1647737760,100,100,4.153137517,749
productcatalogservice-grpc,1647737820,100,100,4.184337349,664
productcatalogservice-grpc,1647737880,100,100,4.248991173,793
productcatalogservice-grpc,1647737940,100,100,4.12967033,637
recommendationservice-grpc,1647734400,100,100,3.180769231,91
recommendationservice-grpc,1647734460,100,100,3.180769231,91
recommendationservice-grpc,1647734520,100,100,3.298913043,92
recommendationservice-grpc,1647734580,100,100,3.579775281,89
recommendationservice-grpc,1647734640,100,100,3.484782609,92
recommendationservice-grpc,1647734700,100,100,3.256185567,97
recommendationservice-grpc,1647734760,100,100,3.210344828,87
recommendationservice-grpc,1647734820,100,100,3.149494949,99
recommendationservice-grpc,1647734880,100,100,3.471511628,86
recommendationservice-grpc,1647734940,100,100,3.163942308,104
recommendationservice-grpc,1647735000,100,100,3.381097561,82
recommendationservice-grpc,1647735060,100,100,3.21010101,99
recommendationservice-grpc,1647735120,100,100,3.388953488,86
recommendationservice-grpc,1647735180,100,100,3.234466019,103
recommendationservice-grpc,1647735240,100,100,3.210344828,87
recommendationservice-grpc,1647735300,100,100,3.184736842,95
recommendationservice-grpc,1647735360,100,100,3.339175258,97
recommendationservice-grpc,1647735420,100,100,3.433505155,97
recommendationservice-grpc,1647735480,100,100,3.223369565,92
recommendationservice-grpc,1647735540,100,100,3.28317757,107
recommendationservice-grpc,1647735600,100,100,3.433707865,89
recommendationservice-grpc,1647735660,100,100,3.198,100
recommendationservice-grpc,1647735720,100,100,3.409259259,81
recommendationservice-grpc,1647735780,100,100,3.236448598,107
recommendationservice-grpc,1647735840,100,100,3.171341463,82
recommendationservice-grpc,1647735900,100,100,3.231818182,88
recommendationservice-grpc,1647735960,100,100,3.44,90
recommendationservice-grpc,1647736020,100,100,3.299431818,88
recommendationservice-grpc,1647736080,100,100,3.294680851,94
recommendationservice-grpc,1647736140,100,100,3.05754717,106
recommendationservice-grpc,1647736200,100,100,3.585638298,94
recommendationservice-grpc,1647736260,100,100,3.202884615,104
recommendationservice-grpc,1647736320,100,100,3.200581395,86
recommendationservice-grpc,1647736380,100,100,3.25,85
recommendationservice-grpc,1647736440,100,100,3.251595745,94
recommendationservice-grpc,1647736500,100,100,3.244086022,93
recommendationservice-grpc,1647736560,100,100,3.2671875,96
recommendationservice-grpc,1647736620,100,100,3.422,100
recommendationservice-grpc,1647736680,100,100,3.27287234,94
recommendationservice-grpc,1647736740,100,100,3.202197802,91
recommendationservice-grpc,1647736800,100,100,3.414935065,77
recommendationservice-grpc,1647736860,100,100,3.420547945,73
recommendationservice-grpc,1647736920,100,100,3.427272727,77
recommendationservice-grpc,1647736980,100,100,3.413186813,91
recommendationservice-grpc,1647737040,100,100,3.194791667,96
recommendationservice-grpc,1647737100,100,100,3.25,90
recommendationservice-grpc,1647737160,100,100,3.222115385,104
recommendationservice-grpc,1647737220,100,100,3.388764045,89
recommendationservice-grpc,1647737280,100,100,3.321764706,85
recommendationservice-grpc,1647737340,100,100,3.129069767,86
recommendationservice-grpc,1647737400,100,100,3.396551724,87
recommendationservice-grpc,1647737460,100,100,3.328481013,79
recommendationservice-grpc,1647737520,100,100,3.101630435,92
recommendationservice-grpc,1647737580,100,100,3.515,80
recommendationservice-grpc,1647737640,100,100,3.354347826,92
recommendationservice-grpc,1647737700,100,100,3.147802198,91
recommendationservice-grpc,1647737760,100,100,3.2805,100
recommendationservice-grpc,1647737820,100,100,3.326436782,87
recommendationservice-grpc,1647737880,100,100,3.281481481,108
recommendationservice-grpc,1647737940,100,100,3.177647059,85
shippingservice-grpc,1647734400,100,100,0.13125,24
shippingservice-grpc,1647734460,100,100,0.13125,24
shippingservice-grpc,1647734520,100,100,0.023863636,44
shippingservice-grpc,1647734580,100,100,0.105,20
shippingservice-grpc,1647734640,100,100,0,54
shippingservice-grpc,1647734700,100,100,0.095454545,22
shippingservice-grpc,1647734760,100,100,0.023333333,45
shippingservice-grpc,1647734820,100,100,0.116666667,36
shippingservice-grpc,1647734880,100,100,0,39
shippingservice-grpc,1647734940,100,100,0.092647059,34
shippingservice-grpc,1647735000,100,100,0,37
shippingservice-grpc,1647735060,100,100,0.063636364,33
shippingservice-grpc,1647735120,100,100,0,39
shippingservice-grpc,1647735180,100,100,0.033870968,31
shippingservice-grpc,1647735240,100,100,0.025,42
shippingservice-grpc,1647735300,100,100,0.030882353,34
shippingservice-grpc,1647735360,100,100,0.056756757,37
shippingservice-grpc,1647735420,100,100,0.05125,40
shippingservice-grpc,1647735480,100,100,0.063636364,33
shippingservice-grpc,1647735540,100,100,0.022826087,46
shippingservice-grpc,1647735600,100,100,0.116666667,27
shippingservice-grpc,1647735660,100,100,0.023333333,45
shippingservice-grpc,1647735720,100,100,0.101612903,31
shippingservice-grpc,1647735780,100,100,0,36
shippingservice-grpc,1647735840,100,100,0.09,35
shippingservice-grpc,1647735900,100,100,0,31
shippingservice-grpc,1647735960,100,100,0.076829268,41
shippingservice-grpc,1647736020,100,100,0,26
shippingservice-grpc,1647736080,100,100,0.068478261,46
shippingservice-grpc,1647736140,100,100,0,38
shippingservice-grpc,1647736200,100,100,0.113513514,37
shippingservice-grpc,1647736260,100,100,0,43
shippingservice-grpc,1647736320,100,100,0,30
shippingservice-grpc,1647736380,100,100,0.089705882,34
shippingservice-grpc,1647736440,100,100,0.072413793,29
shippingservice-grpc,1647736500,100,100,0,48
shippingservice-grpc,1647736560,100,100,0.067741935,31
shippingservice-grpc,1647736620,100,100,0.022826087,46
shippingservice-grpc,1647736680,100,100,0.105,30
shippingservice-grpc,1647736740,100,100,0.03,35
shippingservice-grpc,1647736800,100,100,0.121153846,26
shippingservice-grpc,1647736860,100,100,0,33
shippingservice-grpc,1647736920,100,100,0.031818182,33
shippingservice-grpc,1647736980,100,100,0.067741935,31
shippingservice-grpc,1647737040,100,100,0.026923077,39
shippingservice-grpc,1647737100,100,100,0.035,30
shippingservice-grpc,1647737160,100,100,0.044680851,47
shippingservice-grpc,1647737220,100,100,0.075,28
shippingservice-grpc,1647737280,100,100,0.025,42
shippingservice-grpc,1647737340,100,100,0.183928571,28
shippingservice-grpc,1647737400,100,100,0.053846154,39
shippingservice-grpc,1647737460,100,100,0.035,30
shippingservice-grpc,1647737520,100,100,0.033870968,31
shippingservice-grpc,1647737580,100,100,0.058333333,36
shippingservice-grpc,1647737640,100,100,0.035,30
shippingservice-grpc,1647737700,100,100,0.02625,40
shippingservice-grpc,1647737760,100,100,0,37
shippingservice-grpc,1647737820,100,100,0.058333333,36
shippingservice-grpc,1647737880,100,100,0.05,42
shippingservice-grpc,1647737940,100,100,0.0328125,32
adservice-http,1647734400,100,100,8.745833333,24
adservice-http,1647734460,100,100,8.745833333,24
adservice-http,1647734520,100,100,8.685416667,24
adservice-http,1647734580,100,100,8.6625,24
adservice-http,1647734640,100,100,8.685416667,24
adservice-http,1647734700,100,100,8.685416667,24
adservice-http,1647734760,100,100,8.6625,24
adservice-http,1647734820,100,100,8.7875,24
adservice-http,1647734880,100,100,8.541666667,24
adservice-http,1647734940,100,100,8.7875,24
adservice-http,1647735000,100,100,8.7875,24
adservice-http,1647735060,100,100,8.64375,24
adservice-http,1647735120,100,100,8.7875,24
adservice-http,1647735180,100,100,8.829166667,24
adservice-http,1647735240,100,100,8.745833333,24
adservice-http,1647735300,100,100,8.685416667,24
adservice-http,1647735360,100,100,8.829166667,24
adservice-http,1647735420,100,100,8.5,24
adservice-http,1647735480,100,100,8.602083333,24
adservice-http,1647735540,100,100,8.704166667,24
adservice-http,1647735600,100,100,8.704166667,24
adservice-http,1647735660,100,100,8.64375,24
adservice-http,1647735720,100,100,8.9125,24
adservice-http,1647735780,100,100,8.745833333,24
adservice-http,1647735840,100,100,8.602083333,24
adservice-http,1647735900,100,100,8.704166667,24
adservice-http,1647735960,100,100,8.560416667,24
adservice-http,1647736020,100,100,8.64375,24
adservice-http,1647736080,100,100,8.745833333,24
adservice-http,1647736140,100,100,8.745833333,24
adservice-http,1647736200,100,100,8.5,24
adservice-http,1647736260,100,100,8.6625,24
adservice-http,1647736320,100,100,8.745833333,24
adservice-http,1647736380,100,100,8.745833333,24
adservice-http,1647736440,100,100,8.5,24
adservice-http,1647736500,100,100,8.704166667,24
adservice-http,1647736560,100,100,8.745833333,24
adservice-http,1647736620,100,100,8.602083333,24
adservice-http,1647736680,100,100,8.704166667,24
adservice-http,1647736740,100,100,8.5,24
adservice-http,1647736800,100,100,8.560416667,24
adservice-http,1647736860,100,100,8.6625,24
adservice-http,1647736920,100,100,8.704166667,24
adservice-http,1647736980,100,100,8.5,24
adservice-http,1647737040,100,100,8.745833333,24
adservice-http,1647737100,100,100,8.6625,24
adservice-http,1647737160,100,100,8.602083333,24
adservice-http,1647737220,100,100,8.602083333,24
adservice-http,1647737280,100,100,8.64375,24
adservice-http,1647737340,100,100,8.7875,24
adservice-http,1647737400,100,100,8.7875,24
adservice-http,1647737460,100,100,8.93125,24
adservice-http,1647737520,100,100,8.625,24
adservice-http,1647737580,100,100,8.745833333,24
adservice-http,1647737640,100,100,8.7875,24
adservice-http,1647737700,100,100,8.602083333,24
adservice-http,1647737760,100,100,8.625,24
adservice-http,1647737820,100,100,9.014583333,24
adservice-http,1647737880,100,100,8.7875,24
adservice-http,1647737940,100,100,8.685416667,24
frontend-http,1647734400,100,100,47.508,125
frontend-http,1647734460,100,100,47.508,125
frontend-http,1647734520,100,100,47.76434109,129
frontend-http,1647734580,100,100,49.56097561,123
frontend-http,1647734640,100,100,46.39007092,141
frontend-http,1647734700,100,100,52.17136752,117
frontend-http,1647734760,100,100,46.328125,128
frontend-http,1647734820,100,100,48.21879699,133
frontend-http,1647734880,100,100,46.73181818,132
frontend-http,1647734940,100,100,51.76007752,129
frontend-http,1647735000,100,100,45.69354839,124
frontend-http,1647735060,100,100,49.80992063,126
frontend-http,1647735120,100,100,46.25886525,141
frontend-http,1647735180,100,100,51.50406504,123
frontend-http,1647735240,100,100,45.92307692,130
frontend-http,1647735300,100,100,47.61190476,126
frontend-http,1647735360,100,100,46.778125,144
frontend-http,1647735420,100,100,50.45634921,126
frontend-http,1647735480,100,100,45.80035714,140
frontend-http,1647735540,100,100,49.81616541,133
frontend-http,1647735600,100,100,48.41287879,132
frontend-http,1647735660,100,100,48.79962121,132
frontend-http,1647735720,100,100,46.45301724,116
frontend-http,1647735780,100,100,47.5952381,147
frontend-http,1647735840,100,100,49.88601695,118
frontend-http,1647735900,100,100,46.96610169,118
frontend-http,1647735960,100,100,48.76717557,131
frontend-http,1647736020,100,100,46.14049587,121
frontend-http,1647736080,100,100,47.86231884,138
frontend-http,1647736140,100,100,51.3511194,134
frontend-http,1647736200,100,100,46.24195804,143
frontend-http,1647736260,100,100,47.84678571,140
frontend-http,1647736320,100,100,48.73275862,116
frontend-http,1647736380,100,100,48.18189655,116
frontend-http,1647736440,100,100,48.04961832,131
frontend-http,1647736500,100,100,47.73198529,136
frontend-http,1647736560,100,100,47.6547619,126
frontend-http,1647736620,100,100,49.91821429,140
frontend-http,1647736680,100,100,47.35152672,131
frontend-http,1647736740,100,100,46.25807692,130
frontend-http,1647736800,100,100,810.4950495,101
frontend-http,1647736860,100,100,864.1414141,99
frontend-http,1647736920,100,100,832.5088983,118
frontend-http,1647736980,100,100,189.2096774,124
frontend-http,1647737040,100,100,47.62692308,130
frontend-http,1647737100,100,100,46.89389313,131
frontend-http,1647737160,100,100,49.15289855,138
frontend-http,1647737220,100,100,47.06923077,130
frontend-http,1647737280,100,100,50.15172414,116
frontend-http,1647737340,100,100,122.7375,116
frontend-http,1647737400,100,100,355.63375,120
frontend-http,1647737460,100,100,324.1902655,113
frontend-http,1647737520,100,100,317.004661,118
frontend-http,1647737580,100,100,47.92958333,120
frontend-http,1647737640,100,100,50.91291667,120
frontend-http,1647737700,100,100,45.37517986,139
frontend-http,1647737760,100,100,48.68217054,129
frontend-http,1647737820,100,100,45.9851145,131
frontend-http,1647737880,100,100,52.48888889,135
frontend-http,1647737940,100,100,46.19330709,127
